x,y,F1,F2
-3.0210695877724985,-0.9940441476842025,16.461,0.0
1.0066991405985388,1.986246732522062,1.0,24.971
0.7728410821169905,1.5780346334211284,2.065,20.881
-3.141588430788237,0.760650888281279,2.067,3.12
-3.03747621159687,-1.0013960707600713,16.275,0.001
-3.049202066609293,-0.993292884659398,16.087,0.002
-3.0510315414777835,-0.9706397317287242,15.961,0.003
-3.0582561892417743,-0.9672238894401591,15.852,0.004
-3.0686541012620845,-0.9721670140654792,15.743,0.005
-3.0741846405288267,-0.9687825059903121,15.657,0.006
0.9942731228142654,1.9761999945751227,1.001,24.812
-3.083383143639094,-0.9766419007107405,15.578,0.007
-3.085313112555712,-0.9674437217290409,15.512,0.008
-3.1045946650966156,-0.9766419007107405,15.317,0.011
-3.0930395154422468,-0.9712247171452888,15.434,0.009
-3.1062803997192954,-0.9664534086829557,15.25,0.012
-3.110515736427067,-0.9647812843849997,15.191,0.013
-3.099305879351447,-0.9766419007107405,15.382,0.01
-3.1113586249737426,-0.9546220123583233,15.133,0.014
-3.1194850850459974,-0.9551613826448602,15.039,0.016
-3.120038108856881,-0.9445670690544763,14.98,0.017
-3.134561920110521,-0.9517718888212351,14.845,0.02
-3.1168936632057767,-0.9581000829293738,15.083,0.015
-3.130617292895032,-0.9517718888212351,14.891,0.019
-3.136909018664163,-0.9476331989878313,14.797,0.021
-3.1292430858621385,-0.9581000829293738,14.937,0.018
0.9942521822342809,1.962264777754969,1.002,24.729
-3.140545444391638,-0.9476331989878313,14.755,0.022
-3.1415785553084365,-0.9413474635952579,14.712,0.023
-3.1415913942816096,-0.933574530313417,14.673,0.024
-3.141587259996942,-0.9261716774603523,14.635,0.025
-3.141574030801903,0.2742631667751839,3.852,1.644
-3.141560350248302,0.42999684513776776,2.907,2.065
0.9942521822342809,1.952443226994026,1.003,24.671
-3.1415860890238276,0.2697230899561203,3.885,1.632
-3.1415917493784726,-0.9197463316693953,14.602,0.026
-3.1415912543090614,0.012788615832197675,6.072,1.046
-3.141525326391032,-0.07823828397040727,6.977,0.87
-3.14155963225791,-0.06207091760890224,6.812,0.9
-3.1415908753993764,-0.9137051542068464,14.57,0.027
-3.141562320475123,0.5927246603719969,2.289,2.557
-3.1415807228418045,0.5629958796372603,2.372,2.463
-3.141590667529714,-0.908204350526803,14.54,0.028
-3.1415737296923876,0.11814036579870818,5.098,1.27
-3.1415918265866707,0.20884420216552035,4.341,1.481
-3.141589646162008,-0.4907207489983402,11.256,0.279
-3.1415294351360434,0.29542247458945436,3.705,1.698
-3.1415477795291564,0.2155030299159186,4.29,1.497
-3.1415703542158298,-0.9027859744414212,14.511,0.029
-3.141558455663901,0.5714084603873228,2.347,2.489
-3.1415653611757217,-0.2663576457904661,8.944,0.558
-3.141592254231919,-0.5058567712197133,11.404,0.264
0.8537561610664399,1.5694307955502445,1.737,21.453
-3.1415808326675765,-0.42611558637729013,10.61,0.349
-3.141563243719528,0.695364822782808,2.103,2.894
0.9942521822342809,1.8996888805713819,1.013,24.362
-3.141590543917009,-0.8979654599214817,14.484,0.03
-3.141589567716816,0.7014221574978042,2.097,2.915
-3.1415656149118942,-0.16061430683267292,7.828,0.725
-3.141550902965071,0.43649334963469055,2.875,2.084
-3.1415656542960586,0.07012928874982954,5.53,1.165
-3.1415672754821826,0.3099097371189994,3.608,1.736
0.9750337113955717,1.6205799495158724,1.261,22.668
-3.1415904326098434,0.3716138552285758,3.223,1.901
-3.14159161498413,-0.5310043299690645,11.646,0.24
1.007940383200862,1.8716104788284735,1.016,24.31
-3.141550228934207,0.3148119569674275,3.575,1.749
-3.1415748015508593,-0.8843840356439561,14.408,0.033
0.8198039760474447,1.5989824790723315,1.794,21.346
0.8321615469835353,1.6075759769596132,1.721,21.485
-3.141529821011479,-0.5347598195419843,11.682,0.236
-3.1415859187805437,-0.8930872409025057,14.457,0.031
-3.14159149732705,0.07931987056582995,5.446,1.185
-3.141550902965071,0.42638343403890644,2.926,2.055
-3.1415912649493603,-0.1177321801522864,7.382,0.798
0.9576103270743062,1.6683896379763579,1.228,22.783
-3.141591629231444,0.3902128853743166,3.117,1.953
-3.1415449990670163,-0.34614474219820424,9.785,0.448
-3.14159245105148,0.21859427693421177,4.265,1.505
1.0033568277004539,1.806557790038014,1.043,23.904
-3.1415281597378235,-0.8887487335782682,14.433,0.032
-3.141525326391032,-0.8797192238926188,14.381,0.034
0.8570481629643791,1.6034544220820957,1.637,21.655
-3.141543022267201,-0.38414814965768307,10.18,0.399
0.941205590994425,1.659531054285254,1.276,22.606
0.7902829566697054,1.5701546056322075,2.008,20.972
-3.14158322488571,-0.11090485076375736,7.311,0.811
-3.1414907817209707,0.10112439352220601,5.249,1.232
-3.1414554176248144,0.1044179241734551,5.22,1.24
-3.1415890288455786,-0.28490877650135604,9.14,0.531
-3.141499908801507,-0.24811754905002792,8.752,0.585
-3.1415910160719953,0.266657228969048,3.906,1.624
-3.1415668329113813,0.25356510551358136,4.002,1.591
-3.141587134232957,0.5811360948095876,2.32,2.52
-3.141570624214406,-0.8642172015344012,14.289,0.038
-3.1415861308640753,-0.4611827789491678,10.964,0.31
-3.141520054991733,-0.1319905274407821,7.53,0.773
-3.141576038620431,-0.08192838048043731,7.014,0.863
-3.1415685516214147,0.008971650404124176,6.109,1.038
0.9942521822342809,1.9446665164249346,1.004,24.625
-3.141592042053702,-0.13500521469990165,7.561,0.768
-3.1415915130783594,-0.3442713146970799,9.765,0.45
-3.141587012076048,-0.3898275478942195,10.239,0.392
0.9344499355454235,1.5876850499060737,1.419,22.176
0.860595662296834,1.593100862895962,1.649,21.628
-3.141592636801272,-0.025093164712536642,6.442,0.97
0.891957876756448,1.6075759769596132,1.507,21.947
-3.1415921828008857,-0.49446780214880826,11.293,0.276
-3.1415879444992987,0.600930625853086,2.268,2.583
-3.1411870132677255,0.6842048252830113,2.116,2.856
-3.141516298148799,-0.8684301186449781,14.315,0.037
-3.1415884304351858,-0.8760515645813348,14.359,0.035
-3.140954802333152,0.08376414682224095,5.409,1.194
-3.1415915558126852,0.02627202289459163,5.942,1.073
-3.141592476808671,-0.2635918375197621,8.915,0.562
-3.1415922976824753,-0.348727701642921,9.812,0.444
0.981127494462723,1.7311448590875145,1.118,23.309
-3.1415831934492418,0.521402591867191,2.511,2.335
-3.1415885816402143,-0.6041555735677163,12.322,0.177
-3.141589508821495,0.7137649098055008,2.087,2.957
0.9124802754651431,1.6386231108597937,1.384,22.27
-3.141579256268877,-0.08600296961436449,7.055,0.855
-3.14158862995881,-0.09590270426375175,7.157,0.837
-3.1415444098066225,0.3404687276084223,3.411,1.817
-3.1415708479980378,0.24499020993071818,4.065,1.57
-3.1415918434827335,-0.5887882510602753,12.184,0.189
0.9996102333198167,1.9140998056029908,1.008,24.489
0.9942521822342809,1.9287409355207668,1.007,24.532
-3.141577949365971,-0.07618897478663822,6.955,0.873
0.8950666870517845,1.6090375250643871,1.494,21.979
-3.141590543917009,-0.8718237747674706,14.335,0.036
0.9850746938926369,1.6510718117612893,1.199,22.909
-3.1414989416411827,0.12220945379000889,5.063,1.279
0.821426916647519,1.6032193481385784,1.776,21.38
-3.1415750538906755,0.3998269448893147,3.065,1.98
-3.141574694052216,-0.2684631261553214,8.967,0.555
-3.1415914192014496,-0.4401594573176895,10.753,0.333
-3.141577949365971,-0.39245844361966853,10.266,0.389
-3.1414918309821562,-0.014945769295545072,6.343,0.99
-3.1415925440994648,0.3457632435450671,3.378,1.831
0.8769330083547778,1.5939587459690774,1.589,21.759
0.9156868590500367,1.6507877432885403,1.353,22.359
0.9330033183479467,1.6899070633374462,1.25,22.704
0.9892337595465897,1.7053772655520063,1.131,23.233
-3.141538106665922,0.2997276823071956,3.676,1.709
-3.141590911525974,-0.5109495219120508,11.453,0.259
-3.141590392769102,-0.46390648260741085,10.991,0.307
-3.1415632319440028,0.6103375761535839,2.245,2.613
0.8781062946152981,1.597313955802751,1.577,21.786
-3.1415922639363956,-0.8605703489616656,14.267,0.039
0.8421569834458593,1.5831395823444967,1.746,21.435
-3.1415584059661485,-0.4790527593509155,11.142,0.291
-3.1414705874185107,-0.3868415043222151,10.209,0.396
-3.141591563056178,-0.3419019183340775,9.74,0.453
1.0073444194801178,1.8350347045506719,1.028,24.096
-3.141519251220687,0.6432953411968353,2.177,2.72
0.9252769605857601,1.593100862895962,1.435,22.132
0.9394978901097161,1.603242683060613,1.375,22.297
-3.141237212566425,0.5178152803674436,2.526,2.324
-3.1414989416411827,0.5587973362018287,2.385,2.45
-3.140546539813361,-0.5902942176989983,12.208,0.188
-3.1415907581349987,-0.5028380026097219,11.374,0.267
0.9763671487556146,1.654768922510299,1.21,22.859
-3.141587259996942,-0.059028503218258976,6.781,0.905
-3.1415878396312054,-0.11374229220839688,7.34,0.805
0.9838062276347501,1.7328839938521685,1.113,23.339
0.9180392505979086,1.6087536262944926,1.425,22.157
-3.1415635987438244,-0.8536594142383911,14.225,0.041
-3.1415878525883447,-0.8571376263258609,14.246,0.04
-3.141583949649407,0.42264074099895155,2.945,2.044
-3.141588546910276,-0.3156624988466557,9.465,0.488
-3.141592578584582,-0.4226905521096655,10.576,0.353
-3.1415914790331008,-0.3563276884569684,9.891,0.434
-3.1415926474740656,0.2895418287221679,3.745,1.683
-3.141580189283569,0.2865782244051588,3.766,1.675
0.9999537566264032,1.9320097041867486,1.005,24.596
-3.141578042500559,0.5259513832547811,2.495,2.349
0.9235066400405006,1.617956862630679,1.391,22.248
-3.1415294351360434,-0.24692909554866338,8.739,0.587
-3.1415901369557493,-0.2399174424941487,8.664,0.598
-3.1415871964302116,0.10826086711089378,5.185,1.248
-3.1415708747775986,0.05565726030801398,5.665,1.134
-3.1415707239036355,0.09656055172509537,5.29,1.222
-3.141587629797512,0.5412285026415755,2.442,2.395
-3.141577892698411,-0.551336685873999,11.838,0.221
-3.1415905683984255,-0.516128759841576,11.503,0.254
-3.141575495289323,-0.5190789802202426,11.532,0.251
-3.1415296794122605,0.24202824296202954,4.087,1.563
0.9435322019425947,1.6032193481385784,1.365,22.328
-3.1415537130407944,-0.8501602746305024,14.204,0.042
-3.14158596531058,-0.8437760295311537,14.164,0.044
-3.1415910212803277,0.17597129767943265,4.606,1.403
-3.141592553803865,-0.4686281348601503,11.038,0.302
-3.1415823360748423,-0.32525427579028604,9.566,0.475
-3.1415924251590694,-0.23776707874861291,8.642,0.601
-3.1415562310493046,-0.2963019147615987,9.261,0.515
0.7824567137434976,1.57471357604619,2.03,20.936
0.9774617890186275,1.6560911534986384,1.206,22.875
-3.1415907754894907,0.06770973301664224,5.553,1.16
0.8644060007203653,1.5756086499589625,1.68,21.567
-3.1415914533296707,-0.6731209803150869,12.916,0.127
-3.141552838394907,-0.2015312083416297,8.259,0.658
-3.1415689835690808,-0.20500094401089797,8.295,0.652
-3.141588825436842,0.34246983018007987,3.398,1.822
1.007940383200862,1.9147541670652468,1.006,24.559
-3.1415887031616734,0.6031850455515194,2.262,2.59
-3.1415592080692956,0.07292885155793793,5.505,1.171
0.8129018049816294,1.5986662531644167,1.823,21.291
-3.1415886337439707,-0.017001660079014658,6.362,0.986
-3.141570074737512,-0.07432364228870209,6.936,0.877
-3.1415915077586227,0.3667918294015573,3.251,1.888
-3.141588630462511,-0.8149572358230788,13.978,0.054
-3.1415918607864564,-0.8470569890991856,14.184,0.043
-3.141589864254391,-0.8405199632702913,14.143,0.045
0.9587148468850641,1.7099296755037257,1.174,23.015
-3.141588630462511,-0.3180001072705858,9.489,0.485
-3.1415185167160518,0.06615392303942863,5.567,1.157
-3.141589532048916,0.40812227116403954,3.02,2.003
-3.1415599718325993,0.2472019196182027,4.049,1.576
-3.141590098922708,0.4593177343237135,2.767,2.15
-3.141583737995843,-0.17814539866342916,8.012,0.695
-3.1413934847295426,-0.14709212583543277,7.688,0.747
-3.141578765837076,-0.15738982021977005,7.795,0.73
-3.1415562283501477,-0.15359700963381562,7.755,0.736
0.9987893336825344,1.799137573310663,1.05,23.825
-3.141586769562535,0.4147873821310608,2.985,2.022
-3.141592539063208,-0.607017842803957,12.348,0.174
-3.141591192622396,-0.4769711664951616,11.121,0.294
-3.14151251811391,-0.44389267993180165,10.791,0.329
-3.1415892673042185,-0.44291974677121315,10.781,0.33
-3.1415655055049814,-0.4859457382274983,11.209,0.284
-3.141592636801272,0.014905849527408057,6.051,1.05
-3.1415921668693327,0.023505719535039382,5.969,1.068
-3.1415747883435414,-0.8374548456373302,14.124,0.046
-3.141591267666803,-0.834362648101344,14.104,0.047
0.9832832497054378,1.6380843376214524,1.219,22.826
-3.1415654073028354,-0.32327774456185693,9.545,0.478
-3.1415165707578607,-0.2878861907694121,9.172,0.527
-3.1415548982770876,-0.2934789587877922,9.231,0.519
-3.141592636801272,-0.22153731035508215,8.47,0.626
0.80543637209718,1.587856184182072,1.886,21.178
-3.14159149732705,0.10586240441836017,5.206,1.243
-3.1415909845252226,0.020417078597139884,5.998,1.061
-3.141585111143254,-0.6020641059108902,12.304,0.178
1.007940383200862,1.8859946488392092,1.012,24.393
-3.141587538841308,0.47895010956732936,2.68,2.207
-3.1415614085331702,-0.2031508147604663,8.276,0.655
0.9580839501790412,1.6622331965949297,1.236,22.754
0.9338438392358788,1.6664894495500895,1.283,22.585
0.985943617094158,1.7621786237941302,1.086,23.517
-3.141592397286125,-0.42781811444675066,10.628,0.347
-3.1415584059661485,-0.4592913773125675,10.945,0.312
-3.141588694663777,-0.5484732979366076,11.811,0.224
-3.1415824620649793,-0.4714608546543238,11.066,0.299
-3.1415894454078335,-0.44676018713946697,10.819,0.326
-3.1415620824246475,-0.5230894638895558,11.57,0.247
-3.1415535515607576,-0.429725895402164,10.647,0.345
-3.1415813094338545,0.0384673567375194,5.826,1.098
-3.141589646162008,-0.06469585809779241,6.839,0.895
0.8570481629643791,1.5831959448801571,1.688,21.55
-3.1415922832902283,-0.8117546362361414,13.956,0.055
-3.1415633174986155,-0.8313752493810638,14.085,0.048
0.816848485297899,1.588991622685421,1.834,21.271
-3.1415806995543254,0.20489520282218654,4.373,1.472
-3.1415787860527655,0.4564659748058161,2.78,2.141
-3.141591057876516,-0.24448515769596257,8.713,0.591
-3.1415684960063386,-0.1559921727067039,7.78,0.732
-3.141579848128715,-0.19958135942978572,8.238,0.661
-3.141591793874668,0.3366658622408926,3.435,1.807
0.9285728046447196,1.658256852551142,1.308,22.5
-3.141591169630454,0.08876826396575871,5.36,1.205
0.8878531143318991,1.6075759769596132,1.521,21.915
-3.1415921828008857,-0.567213044090948,11.986,0.207
-3.141561386123421,-0.05107438288267599,6.702,0.92
-3.141576394577171,-0.14536535724648153,7.669,0.75
0.9065457661534195,1.617398448121377,1.441,22.112
-3.141574879342708,-0.3997673628331443,10.341,0.38
-3.141531324732915,-0.04954473778010732,6.686,0.923
-3.1415539384098916,-0.05532200828613454,6.744,0.912
-3.1415817930175147,-0.08325714668059014,7.027,0.86
-3.1415915078773877,0.005592821647629982,6.141,1.031
-3.1415909122596255,-0.8258026328199393,14.049,0.05
-3.1415894745213446,-0.8227113917476655,14.029,0.051
0.7857276288646073,1.6087536262944926,1.912,21.137
0.9988881821831025,1.657312089570919,1.168,23.052
-3.141575418175331,-0.22397274013109636,8.496,0.622
-3.141554809721412,-0.25130902100710806,8.785,0.581
-3.1415921668693327,-0.22625168092967352,8.52,0.619
-3.1415783137242204,-0.21480352597074004,8.399,0.637
-3.1415920571812244,-0.2596920992138398,8.874,0.568
-3.1415833135337863,0.34828467468761987,3.363,1.838
0.922370362556859,1.6114195724793379,1.407,22.205
-3.141589449621438,-0.6446648746051921,12.677,0.146
-3.141592543245673,0.2846041795109632,3.78,1.67
-3.1415909845252226,-0.10141347404029086,7.213,0.828
1.007940383200862,1.8668594378500882,1.017,24.282
0.8781062946152981,1.600104411440982,1.57,21.8
-3.1415888272243797,0.3762910433344897,3.196,1.914
0.9930216877619942,1.779746518657561,1.067,23.671
1.0086672353471828,1.7628007082794135,1.064,23.702
-3.1415178073129555,0.16674826232275422,4.682,1.381
-3.1415492710973387,-0.5416336856873141,11.747,0.23
-3.141571240639974,-0.3084388545858553,9.389,0.498
-3.1415774061660993,-0.3671945345535724,10.004,0.42
-3.141576208243782,-0.2724185159696477,9.008,0.549
-3.141587328284273,0.5091000222452535,2.557,2.297
1.010544033049837,1.717827111593616,1.094,23.471
-3.14159216362545,0.03668768048257856,5.843,1.095
0.9942731228142654,1.9168727207381377,1.009,24.462
-3.141574879342708,-0.8284572615669314,14.066,0.049
-3.141582217219785,-0.8065147958354643,13.921,0.057
-3.1415275313049884,0.24955335801249295,4.031,1.581
0.9712475035479035,1.7382228479002633,1.125,23.269
-3.1415779981125334,-0.33634744859796006,9.682,0.46
-3.1415866785148863,-0.18752127282931252,8.111,0.68
-3.1414716359222243,0.35979023035300217,3.293,1.869
-3.1415864677819276,0.3320463524632317,3.464,1.794
-3.1415575105082465,0.36248117005251024,3.277,1.876
-3.141559617095202,0.1624086800662648,4.718,1.371
0.9686205757341894,1.682775974499319,1.189,22.947
-3.1415891777008413,-0.48114733328148784,11.162,0.289
-3.141574879342708,-0.6303498821064745,12.553,0.157
-3.1415462115347084,-0.5382355358844257,11.715,0.233
-3.1415632034523244,-0.09097407056655728,7.106,0.846
0.7725211638060561,1.6014817972170832,1.993,21.0
1.0073444194801178,1.7270243760481654,1.09,23.495
-3.1415789845891,-0.37925403622331755,10.129,0.405
-3.141578577298077,-0.3980402680309117,10.323,0.382
-3.14159134416427,-0.3824471569767896,10.162,0.401
0.8498920066887857,1.617956862630679,1.628,21.675
-3.141525326391032,0.3008299060691057,3.669,1.712
0.9781282247853602,1.7003421654008881,1.153,23.117
-3.141556465826575,0.008296400610696503,6.115,1.037
-3.141573657981033,-0.022390136004771688,6.416,0.976
-3.141592482286574,0.4190334292601725,2.963,2.034
-3.1415915933386613,-0.799025470211889,13.87,0.06
-3.141591871275588,-0.809362982750115,13.94,0.056
-3.141592482286574,-0.775407810419862,13.705,0.07
0.8256775884387624,1.5392684709365305,1.944,21.084
-3.1415901957546835,0.24031416836598107,4.1,1.558
-3.1415888272243797,0.2208513621367469,4.248,1.511
-3.141567600563423,-0.14890766030386787,7.706,0.744
-3.141592573107833,-0.2296601908441882,8.556,0.613
-3.1415597314325616,0.09086328997192716,5.341,1.21
-3.1415883051883164,0.1294001051440552,4.999,1.296
-3.1415738331001752,-0.647302924744488,12.699,0.144
-3.1415851455556267,-0.614093598178201,12.411,0.169
-3.141591622558385,-0.5295038068578864,11.631,0.241
-3.1415891777008413,-0.5866516855180398,12.164,0.191
-3.1415719674719815,-0.5692961148265763,12.005,0.206
1.007940383200862,1.8619697418189858,1.019,24.254
-3.141590402245724,0.30408279807710575,3.647,1.721
-3.141467982053006,-0.02664471750987768,6.458,0.967
-3.1415849710013517,-0.17545779807701956,7.984,0.7
-3.1415783137242204,-0.11493390329901405,7.353,0.803
-3.1415747883435414,-0.047766612723970314,6.668,0.927
-3.141541470015845,-0.0321055976715378,6.512,0.957
0.964257193655365,1.663970410744649,1.221,22.812
0.9418805304470425,1.6504226510907138,1.289,22.563
-3.1415842308642143,-0.4015406814019043,10.359,0.378
-3.1415551295962927,-0.289808454742728,9.192,0.524
-3.1415779981125334,-0.3808972111440651,10.146,0.403
-3.1414815958290827,-0.3749114163189171,10.085,0.411
-3.1415763081282995,-0.27668835151901194,9.054,0.543
-3.141514943517396,0.6667872139028401,2.139,2.798
0.799652884437366,1.6061967790069112,1.859,21.23
-3.1415913188635884,0.5363048887935774,2.458,2.38
0.9665903926131829,1.8027193360982285,1.079,23.589
0.7630407621892572,1.5989824790723315,2.046,20.915
-3.1415620824246475,0.032118361065770706,5.887,1.085
0.9330008186610438,1.6336625194139502,1.338,22.405
0.9844638074218987,1.6999350719052482,1.144,23.166
-3.141587961914015,-0.7781992374010602,13.725,0.069
-3.141587136919793,-0.8176374067203828,13.996,0.053
-3.141553918172799,-0.8016086617967665,13.888,0.059
-3.1415901646691626,-0.7915752242801462,13.819,0.063
-3.141590754844132,-0.79419630534319,13.837,0.062
1.0066991405985388,1.8414226944762113,1.026,24.127
0.8581487939804802,1.5887873070612655,1.669,21.587
-3.1415862231978626,0.2569844320899737,3.977,1.6
-3.1415871964302116,0.2593843626510004,3.959,1.606
-3.141590850495742,0.2513904272561693,4.018,1.586
0.9947848555067288,1.7691946211962237,1.072,23.627
0.9790870755255618,1.8224960197030757,1.054,23.8
-3.1415913796757957,-0.20871276584686274,8.334,0.646
-3.141578765837076,-0.1643229437752608,7.867,0.718
0.985943617094158,1.8486058071788132,1.035,24.002
1.010796890525208,1.8243604625639955,1.031,24.064
0.9953578813016717,1.8314542713636481,1.037,23.98
0.789306639444919,1.6008246276653102,1.919,21.123
-3.141587731370532,0.15153794943037008,4.809,1.346
-3.141590878419979,-0.565229543496991,11.968,0.209
-3.1415894454078335,-0.5526736248061801,11.851,0.22
-3.141536251855781,-0.5362143449968081,11.696,0.235
0.891957876756448,1.5687427758824166,1.597,21.746
0.988811812594991,1.8209541110634417,1.047,23.868
-3.1415902803827604,0.01888754080826241,6.013,1.058
0.8848691291781566,1.6717492235404787,1.402,22.23
0.8442639905599885,1.5431211776818665,1.851,21.246
0.8424565679748546,1.578711709316908,1.757,21.414
-3.14159157988125,-0.3641968902797122,9.973,0.424
-3.141543022267201,-0.3069152581610053,9.373,0.5
-3.1415891660272566,-0.4840061980750042,11.19,0.286
-3.141577561445046,0.38631693666326533,3.139,1.942
-3.1415179254720726,0.6369865191965243,2.189,2.7
-3.141590694390219,0.0349619407910354,5.859,1.091
-3.141526830802237,-0.7027155387047501,13.157,0.108
-3.1415663210200364,-0.7892101555580443,13.803,0.064
-3.1415747883435414,-0.7868332118768944,13.786,0.065
-3.1415615114631277,-0.796474492986212,13.853,0.061
-3.141576453638884,-0.6607092113888121,12.813,0.135
-3.141579958404786,-0.6627746478095793,12.83,0.134
-3.141556880045406,-0.8200742558892088,14.012,0.052
-3.141587961914015,-0.8040283789928822,13.904,0.058
0.7985698514477544,1.6012309564589875,1.877,21.196
0.8593012650395295,1.606531637617286,1.621,21.688
-3.141587720715021,-0.11940557896276412,7.399,0.795
-3.1415610061234602,-0.09854624078605594,7.184,0.833
-3.1415888272243797,0.40380635533168546,3.043,1.991
-3.1415899524679585,0.5542697064784029,2.399,2.436
-3.141520054991733,0.13267079369201817,4.971,1.303
-3.1414554176248144,0.15835555402406698,4.753,1.362
-3.141580855833086,0.1486687527431167,4.834,1.339
-3.1415586210225626,0.1566975355324871,4.766,1.358
0.953314648509592,1.625388525203055,1.302,22.521
-3.1415716449741637,-0.5590472542439796,11.91,0.214
-3.141578354195757,-0.5399175341300169,11.731,0.232
-3.141592324544035,-0.5252662785230524,11.591,0.245
-3.141583068059009,-0.6762474821199373,12.942,0.125
-3.1415918659396214,-0.5789409012985882,12.094,0.197
0.8883823796240347,1.6102299818666386,1.513,21.933
0.9790984464969285,1.671867532385791,1.184,22.972
0.9893102286445125,1.8324887452914453,1.04,23.938
0.7818423068313346,1.5682142862356616,2.054,20.898
-3.1415726260849794,0.05325120603434358,5.687,1.129
0.8454825518696147,1.6123954827969116,1.658,21.612
0.9763671487556146,1.632236696873282,1.241,22.74
0.9706176863244903,1.676102411829857,1.193,22.927
-3.141550451927124,0.48788406845008286,2.642,2.234
-3.14155867084018,-0.340331386399417,9.724,0.455
-3.1415569399236722,-0.2581638251005486,8.858,0.57
-3.141592271241616,-0.3939607864353505,10.281,0.387
-3.1415891721547644,-0.5933877566972416,12.225,0.185
-3.141498707112354,-0.4109410389493542,10.456,0.367
-3.1415569399236722,-0.3102644494548389,9.408,0.496
-3.1415888272243797,-0.17333878656405496,7.962,0.703
-3.141553828974585,-0.28095186734461974,9.099,0.537
-3.1415608002342057,-0.3656213365903842,9.988,0.422
-3.1415914124204036,0.32577066703161134,3.504,1.778
-3.1415273475779313,0.7171782830473876,2.084,2.969
-3.1415571696166014,0.022601501786577383,5.978,1.066
-3.141584273727105,0.44605232156644153,2.829,2.111
-3.141581748490595,-0.7646797258916659,13.628,0.075
-3.1414559776401627,-0.76657627623581,13.644,0.074
-3.141590641929514,-0.7801498464951202,13.739,0.068
-3.1415710684533074,-0.7444040246269948,13.479,0.085
-3.1415908932471845,0.27775876825765233,3.828,1.653
0.9786294475035705,1.8193887612999087,1.056,23.778
-3.1415689874575436,-0.1524121614378588,7.743,0.738
0.9493434222664454,1.6233432682965998,1.315,22.479
0.9712475035479035,1.7642853703941643,1.102,23.412
-3.141591859923869,-0.42064960998798684,10.555,0.356
-3.141591563056178,-0.3689898130879834,10.023,0.418
-3.1413643453534865,-0.556774262322909,11.891,0.216
-3.1415236646295255,-0.40801563466928176,10.426,0.37
0.9213940168024388,1.5915883396046986,1.45,22.094
-3.141447718972739,0.35322631811279986,3.333,1.851
-3.1415861308640753,-0.03407221553438655,6.531,0.953
-3.1415863102271535,0.030244338119967684,5.904,1.081
-3.141447718972739,-0.01284790428769747,6.322,0.994
-3.1415915077586227,0.23303177297742322,4.155,1.54
-3.1415862910257535,0.2282998843304469,4.191,1.529
0.8427792201874207,1.5481590869421755,1.843,21.26
-3.141590098922708,0.6133843890678273,2.238,2.623
-3.141589874747609,-0.3881513529475288,10.221,0.394
-3.1414542619649746,-0.1696794578225042,7.924,0.709
-3.1415535402905728,-0.31928576443699097,9.503,0.483
-3.1415548982770876,-0.3012213357639353,9.313,0.508
-3.1415883362017034,-0.254181698047374,8.815,0.576
-3.1415924251600984,-0.23620698652341196,8.625,0.603
-3.14156535806139,-0.3291215380924569,9.606,0.47
0.7871347689581799,1.5876850499060737,1.968,21.039
0.8242681600724088,1.5899017008031575,1.8,21.333
-3.1415065110465488,0.12567852794814333,5.032,1.287
-3.1415477795291564,0.13785428856803253,4.926,1.315
-3.1415890797438992,0.1315537398376422,4.981,1.3
0.9454310081560482,1.659531054285254,1.267,22.64
0.9799078510845388,1.7948020496937884,1.07,23.651
-3.1415912109984907,-0.7624554635229435,13.612,0.076
-3.141536251855781,-0.769045145909492,13.66,0.073
-3.1415904734448166,-0.7113785971562452,13.225,0.103
-3.141590580803499,-0.6698130024174784,12.889,0.129
-3.1415747883435414,-0.7827234068848377,13.757,0.067
-3.141591169630454,-0.7422292916910189,13.462,0.086
-3.1415571696166014,0.6712620068958001,2.132,2.813
0.8836010075119735,1.5959132024675178,1.561,21.821
-3.1415911099188993,0.29273912998294455,3.723,1.691
-3.1415886940010176,-0.1282056281758115,7.49,0.78
-3.141592401697331,-0.14266740661562452,7.641,0.755
-3.141562676133122,0.15431698841862412,4.786,1.352
-3.1415925466531074,0.1732612913179019,4.628,1.397
-3.14159149732705,0.21247621152869936,4.313,1.49
-3.141590911525974,-0.5131783039463891,11.475,0.257
-3.141584288328011,-0.3702041489749933,10.035,0.417
-3.141592397286125,-0.4541517279285943,10.893,0.318
-3.1415843275256012,-0.5766328359157985,12.073,0.199
-3.1415634960274934,-0.4095657867586129,10.442,0.369
-3.14159200264433,-0.4558932862649424,10.911,0.316
-3.1415862660644778,-0.54362041952488,11.766,0.228
0.9790984464969285,1.7289011004634545,1.123,23.28
-3.1415925514296528,-0.001386652975836837,6.209,1.017
-3.1415417425738954,0.033538175014130145,5.873,1.088
-3.1415885816402143,-0.006499004998749225,6.259,1.007
1.0068877067117816,1.718606042572026,1.097,23.446
0.9942521822342809,1.8660277445146418,1.023,24.168
-3.1415866785148863,-0.23148277134912848,8.575,0.611
-3.1415629869014663,-0.12441162672049993,7.451,0.787
-3.141496738155151,-0.193247644738399,8.172,0.671
-3.1415890369582042,-0.33463463378578223,9.664,0.463
-3.1415423994880363,-0.19610243240080194,8.202,0.666
-3.14150010144816,0.39753004532902314,3.077,1.973
0.9790870755255618,1.712374723895922,1.139,23.19
0.9642818500937098,1.6458222463508076,1.246,22.716
-3.1415926454752583,0.4689368297896483,2.724,2.178
0.7911195432505247,1.5662522865942654,2.017,20.958
-3.141569234331131,-0.7562812569186352,13.567,0.079
-3.141569234331131,-0.7366337000886771,13.42,0.089
-3.141587885451216,-0.7501313860462366,13.522,0.082
-3.141590580803499,-0.6677118865864706,12.871,0.13
-3.141592370358462,-0.7541868359124013,13.552,0.08
-3.141494067170991,-0.7521393124376997,13.537,0.081
-3.14158596531058,-0.7583125330404901,13.582,0.078
-3.1415914192014496,-0.7604325271023041,13.597,0.077
-3.141552929350236,-0.7711239344441911,13.675,0.072
-3.1415862660644778,-0.7731903658958111,13.69,0.071
0.9007026333716381,1.6029512853508938,1.489,21.991
-3.1415630070514124,-0.09442095365913261,7.142,0.84
-3.1415883615658466,-0.0033948489741047333,6.229,1.013
-3.141585452016192,-0.14111035342773198,7.624,0.758
-3.1415918028837817,-0.030843438166711534,6.499,0.959
-3.1415700004150895,-0.14385265902257988,7.653,0.753
0.8369015060078477,1.5682781952272948,1.809,21.318
0.9109523104034216,1.5954715377440782,1.473,22.032
0.8741964915350516,1.6201209899083684,1.538,21.874
0.8570481629643791,1.5736374036204646,1.713,21.5
1.0083588629809275,1.6515281381949616,1.16,23.098
-3.141592254231919,-0.4374598155988759,10.725,0.336
-3.1415824620649793,-0.5274048258551868,11.612,0.243
-3.141578891566568,-0.40301084057838843,10.374,0.376
-3.14158267016888,-0.47425642186395556,11.094,0.296
-3.1415909122596255,-0.4126607561317268,10.473,0.365
-3.141592578584582,-0.5082923165241698,11.427,0.262
-3.1415549433386736,0.3562405354589623,3.314,1.859
0.8619174645219465,1.5293175920499928,1.818,21.312
-3.141581022673282,0.092227084492051,5.329,1.213
-3.1415925097600494,0.11366425330168006,5.137,1.26
-3.141580724328607,0.08556137723271115,5.389,1.198
-3.1415702526039624,0.04233351813009195,5.79,1.107
-3.141558606823473,0.49848851192171245,2.599,2.266
0.8848691291781566,1.6083207158509998,1.529,21.896
-3.1415901135649533,0.2787757645746414,3.82,1.655
1.0086672353471828,1.7448369490654025,1.076,23.604
0.9942521822342809,1.8705300963360292,1.022,24.194
-3.141553869897624,-0.27939067304293,9.082,0.539
-3.1415875807584106,-0.27839005812121903,9.071,0.541
-3.1415891777008413,-0.24147863230470923,8.681,0.595
-3.1415912543090614,-0.25557898947288193,8.83,0.574
-3.14151491742551,-0.2567228922483704,8.843,0.572
-3.1415856200611403,-0.2527288755734387,8.8,0.578
0.9475471903522565,1.617956862630679,1.328,22.437
-3.1415866654070945,0.4103955178171691,3.008,2.009
-3.141591519697727,0.4046621586015844,3.039,1.993
0.9658562009696048,1.76369090086018,1.11,23.366
-3.1415525463135183,0.5758260234551521,2.334,2.503
0.8792411738723297,1.5802592290441546,1.613,21.706
-3.1415156421800554,0.19696111101674893,4.436,1.453
-3.141582167526662,0.1815638628705719,4.56,1.416
-3.141576208243782,0.1353607799316318,4.948,1.309
-3.141513743713215,0.5021355149415626,2.585,2.276
0.9891305194826999,1.8489490822056733,1.033,24.03
-3.141589750552268,-0.6280385904023179,12.533,0.158
-3.1415872765680426,-0.7273195742067522,13.349,0.094
-3.1415882060239166,-0.7095437430461404,13.211,0.104
-3.141437967409074,-0.6199609647449131,12.464,0.164
-3.141588015865336,-0.7346138755848226,13.405,0.09
-3.1415202623842413,-0.5973034405548829,12.261,0.182
-3.141581691139469,-0.6587961697163799,12.797,0.136
-3.141587988019364,-0.7844814244599471,13.77,0.066
-3.141574879342708,-0.7327413886622869,13.391,0.091
-3.141590641929514,-0.7217491369041014,13.306,0.097
0.871841869944006,1.615329461086874,1.557,21.831
0.8093765699466426,1.5605995099666896,1.951,21.068
-3.1412827607269342,-0.1030563862770514,7.233,0.824
-3.141582437016514,-0.008475528328673487,6.279,1.003
0.9065555577788986,1.669108632281807,1.346,22.385
0.9014098900662637,1.6117704993718591,1.468,22.042
-3.141584865243215,0.7255635876243822,2.079,2.998
-3.1415487719930764,0.5294137573374692,2.483,2.359
0.7846188368908102,1.6029512853508938,1.934,21.099
0.7846188368908102,1.604765482871446,1.929,21.108
-3.1415896202296745,-0.5017079386140781,11.363,0.268
-3.1415718731292013,-0.6160741020336581,12.428,0.167
-3.1415711881907176,-0.3579538496291992,9.908,0.432
-3.1415740000762575,-0.4190929270567106,10.539,0.357
-3.141554809721412,-0.438745774959428,10.739,0.335
-3.1414705874185107,-0.4886583801541019,11.237,0.281
-3.1415921828008857,-0.48783815318593204,11.228,0.282
-3.141580855221425,-0.4826790322051948,11.177,0.288
-3.1415560801681637,-0.5548590160496749,11.871,0.218
-3.1415920821725165,-0.47233806030171743,11.075,0.298
-3.141586580853867,-0.4502528806978373,10.854,0.322
-3.141585614187158,-0.5709325232002017,12.02,0.204
0.9227275729445036,1.6519656324946368,1.333,22.421
-3.1415783204933043,0.06381573616495104,5.589,1.152
-3.141590754844132,0.027832557070847322,5.927,1.076
0.9988881821831025,1.7503284521979785,1.081,23.555
0.981127494462723,1.8296546354136334,1.048,23.856
0.8769330083547778,1.5876850499060737,1.604,21.727
-3.141592215246665,-0.18582033857801267,8.093,0.683
-3.141573534968166,-0.28353471276362097,9.126,0.533
-3.14158322488571,-0.10930405668423247,7.295,0.813
-3.1415860890238276,-0.2067509551528905,8.314,0.649
-3.141581748490595,-0.3768193794455902,10.104,0.408
-3.141591057876516,-0.28233490396286887,9.113,0.535
-3.1415895328939674,-0.26150058481458066,8.893,0.565
-3.1415904294239922,-0.35413973248712166,9.868,0.437
-3.1415891889279766,0.4382572056109546,2.867,2.089
-3.1415918357353814,0.7413620778089207,2.071,3.052
0.9994871724311667,1.7795855770606996,1.061,23.722
-3.141591146712263,0.225204773565589,4.214,1.521
-3.1415831802047567,0.1507837362151393,4.816,1.344
-3.1415104920327446,0.17763668084574424,4.592,1.407
-3.141531755852494,0.7532737513166612,2.068,3.094
-3.1415901613181645,-0.6979876914133588,13.119,0.111
-3.1415708479980378,-0.6847319448189058,13.012,0.119
-3.141531475154205,-0.6959337715175735,13.103,0.112
-3.1415614596727,-0.6122372929113851,12.394,0.17
-3.1415809855333654,-0.7308423564595248,13.376,0.092
-3.1415924876580585,-0.7236826824412449,13.321,0.096
-3.1415912439267,-0.6785350857354329,12.961,0.123
-3.1415850195252144,-0.7253595030388897,13.334,0.095
-3.1415838629992643,-0.7166326044440564,13.266,0.1
-3.1415604123974017,-0.7076873335688691,13.196,0.105
-3.1415629869014663,-0.7463866301152007,13.494,0.084
-3.1415885179155345,-0.7386430777062447,13.435,0.088
-3.141575766865481,-0.7481855294367309,13.507,0.083
0.9188249746219508,1.6377785347768636,1.368,22.315
-3.1415841991599374,0.3233988035449997,3.519,1.771
0.8529342347636837,1.5857159352691932,1.697,21.531
-3.1414228727323845,-0.12643543237901173,7.473,0.783
-3.1415539384098916,-0.028296534718288857,6.474,0.964
-3.1415697500607473,-0.06796209440423179,6.872,0.889
-3.1415916736608276,-0.08942317947792996,7.09,0.849
-3.1415760479404056,0.04873144018067803,5.729,1.12
0.9857079667027997,1.8400616082873245,1.039,23.952
-3.1415571696166014,0.5872328870883905,2.303,2.539
-3.141590295948122,0.2640144259073751,3.926,1.618
-3.1415886960980823,0.19446875743377007,4.456,1.447
-3.1415288416560396,0.21127695930262239,4.323,1.487
-3.1415922639363956,0.513725176218055,2.54,2.311
-3.1415719674719815,-0.4517590012152056,10.87,0.321
-3.141575495289323,-0.5214165926209846,11.554,0.249
-3.141520676303514,-0.6319474846331398,12.568,0.155
-3.141567066511991,-0.3378601955225523,9.698,0.458
-3.141552838394907,-0.43143875745083327,10.665,0.343
-3.14159183431897,0.5863135272714167,2.305,2.536
-3.141554809721412,0.07743905476440349,5.463,1.181
-3.1415681909741533,0.33018107912271655,3.476,1.789
-3.141592265184537,0.281743730855614,3.8,1.663
0.9915208642907194,1.7593540170887871,1.082,23.546
-3.141575614973072,-0.2164594810962041,8.416,0.634
-3.1415858939948724,-0.05305715066893618,6.721,0.917
-3.1414372541201256,-0.22285018862296524,8.485,0.624
-3.1415354864820553,-0.13995889246711024,7.613,0.76
-3.1415829509822717,-0.2105443820942491,8.354,0.643
-3.1415775468635974,0.4423440882785028,2.847,2.1
1.007940383200862,1.8433321331375172,1.025,24.148
-3.1415623226837104,0.18325153459128904,4.546,1.42
-3.1415647064736056,0.230526168666296,4.174,1.534
-3.141483352290988,0.20189836227493144,4.397,1.465
-3.1415909357648233,-0.47529536918566345,11.104,0.295
-3.141569379061637,-0.6713369353464274,12.902,0.128
-3.141570624214406,-0.6830667915993525,12.998,0.12
-3.1414511810110293,-0.6877688378978433,13.038,0.117
-3.1415440124105367,-0.7402825203863153,13.448,0.087
-3.1415773171374877,-0.7199023967326855,13.292,0.098
-3.141586510859857,-0.5824445448174675,12.126,0.194
-3.141458035664845,-0.6943790457641996,13.091,0.113
-3.141588842890546,-0.7290876601960616,13.363,0.093
-3.141588310110445,-0.6897871022941621,13.053,0.116
-3.1415835779953305,0.3690886171799192,3.238,1.894
-3.1415804573115125,0.07573598235494877,5.479,1.177
-3.1415823749495475,-0.020794278008926137,6.4,0.979
-3.141591477893078,-0.010168996172906952,6.295,1.0
-3.1415828521697646,-0.039620605345259866,6.587,0.942
-3.141577510059103,-0.029284605269228825,6.484,0.962
-3.141583719741344,0.47178685996093156,2.711,2.186
-3.1415919024955246,0.2269425941857378,4.201,1.525
-3.1415906778238876,-0.36261228654515637,9.956,0.426
-3.1415904173937843,-0.35267385077122926,9.853,0.439
-3.141592282235209,-0.3964833035385012,10.307,0.384
-3.1415805012441123,-0.3035562560424309,9.337,0.505
-3.1415822622355756,-0.4157340315117532,10.505,0.361
-3.141591468824671,-0.4179023733728123,10.527,0.359
-3.1415686505652842,-0.3207589112524377,9.519,0.481
-3.141592110675107,-0.32176497631011924,9.529,0.48
-3.1415925258285835,-0.37189423684843914,10.053,0.415
-3.141520175656281,-0.35019790893247227,9.828,0.442
-3.1415891777008413,-0.39547520833771815,10.297,0.385
-3.141592247611006,-0.338894560801238,9.709,0.457
-3.1415612750073003,-0.4490312054428543,10.842,0.324
-3.1415805277852753,-0.5088958941456989,11.433,0.261
-3.14157811790456,-0.40653482480970526,10.411,0.372
-3.1415594715074797,0.04037008691418523,5.808,1.102
-3.1415815570638204,0.09427042971059793,5.31,1.217
-3.1415588123116267,0.4832855206655674,2.662,2.22
-3.141523965211523,0.49235494817965797,2.624,2.247
-3.141507015185431,0.6179464116178085,2.228,2.638
-3.1415783204933043,-0.18496089316730596,8.084,0.684
-3.1415901700083504,-0.10003672405235076,7.199,0.83
-3.1415013284455915,-0.1384706266913624,7.598,0.762
-3.1415596485399617,-0.08726986219988808,7.069,0.853
-3.1415885351285393,-0.16854805550234603,7.911,0.711
-3.1415610929764206,-0.04542905385992474,6.645,0.931
-3.1415920672310276,-0.17133088445391403,7.941,0.707
-3.141520054991733,-0.22832497235162266,8.542,0.616
-3.141582437016514,-0.18900448014656346,8.127,0.678
-3.141583719741344,0.45038977246080975,2.808,2.124
-3.1415902944079677,0.4533477136087745,2.795,2.132
0.9882372732893534,1.6784256863712894,1.161,23.08
0.8253925182528398,1.5551298481236693,1.896,21.162
-3.1415920091595724,-0.6431053369456111,12.663,0.147
-3.141592265184537,-0.5746220065772027,12.054,0.201
-3.141552563321778,-0.6388458165562685,12.627,0.15
-3.141588015865336,-0.6926832062934755,13.076,0.114
-3.14159021240488,-0.7050029001219265,13.175,0.107
-3.141547880401465,-0.6333266729252622,12.58,0.154
-3.1415747883435414,-0.718248287373364,13.279,0.099
-3.1415901025310573,-0.7009251331452199,13.142,0.109
-3.1415900318032515,-0.6083646676975607,12.36,0.173
-3.1415906945362018,-0.7135582909532725,13.242,0.102
-3.14151491742551,-0.6864260475536554,13.026,0.118
-3.1415902886819334,-0.6531422462108029,12.749,0.14
-3.1415247799588744,0.37887080258586625,3.182,1.921
-3.1415641755516015,0.3571301056892403,3.309,1.862
-3.1415907047599334,0.04388707869203223,5.775,1.11
-3.1415908335559815,-0.06979100186030285,6.89,0.885
-3.1415574675944975,-0.041868811115052015,6.609,0.938
-3.141550451927124,0.4866897366253705,2.647,2.23
0.8183324721427748,1.54530845086248,1.958,21.058
-3.1414878385646747,0.2916681626974932,3.731,1.688
-3.1415672754821826,0.3195306032560652,3.544,1.761
-3.1415913188635884,0.5442838972358491,2.431,2.405
0.8243809890796485,1.6245237665142778,1.708,21.514
-3.141560406192365,-0.3617111507738955,9.947,0.427
-3.141592446675032,-0.5998838466815448,12.284,0.18
-3.141559027614282,-0.35120704835931305,9.838,0.441
-3.1415878525883447,-0.4968297425111172,11.316,0.273
-3.1415580827737895,-0.3775429896782325,10.112,0.407
-3.1415645888192754,-0.2131338612736214,8.381,0.639
1.0066991405985388,1.8592525357451561,1.02,24.229
-3.141568947765902,0.14734180622736925,4.845,1.336
-3.1415520633516256,0.2033586675156277,4.385,1.468
-3.1415861308640753,0.14593401029535186,4.857,1.333
-3.1415852693861788,0.1702763308605294,4.653,1.39
-3.141591419416974,0.12386589945560611,5.048,1.283
-3.1415884913059045,0.19201703379149557,4.475,1.441
-3.1413235162663806,0.11288544912422183,5.146,1.258
-3.1414906339754327,0.11031594985673848,5.167,1.253
-3.1415668329113813,0.13488651125830903,4.952,1.308
0.8074924853636112,1.540165279960734,2.025,20.949
0.8586502781612274,1.63874364143451,1.55,21.852
0.8529342347636837,1.5986662531644167,1.664,21.598
-3.1415901369557493,-0.21945465929328384,8.448,0.629
-3.1415859172067644,-0.1061999145351803,7.263,0.819
-3.1415866785148863,-0.16737546526820007,7.899,0.713
-3.141580855221425,0.222588887958298,4.235,1.515
-3.1415925509091185,0.23503332548856237,4.14,1.545
-3.1415899005170167,-0.6189009333337528,12.453,0.165
-3.14158596531058,-0.5613096810489309,11.931,0.212
-3.1415907346511904,-0.6486671296144217,12.711,0.143
-3.1415829795437347,-0.5949394657242608,12.239,0.184
-3.141559596385243,-0.6515049616513456,12.735,0.141
-3.1415579533432063,-0.6173291418709486,12.439,0.166
-3.1415911660814513,0.3933524841396518,3.1,1.961
1.0030012766225682,1.8996888805713819,1.01,24.432
1.0019069490183807,1.8996888805713819,1.011,24.423
-3.141576797906982,0.002453041976636254,6.172,1.025
-3.1415924493082783,0.017218000289259128,6.029,1.055
-3.1415857031942367,-0.05369807399952134,6.728,0.916
-3.1415887035118706,0.05044456311232809,5.713,1.123
-3.1415915656315656,0.029045982024062472,5.916,1.079
0.981127494462723,1.7528502552755176,1.099,23.428
0.7827198608347209,1.5903245565306983,1.98,21.019
0.9200223734471189,1.6622331965949297,1.323,22.454
-3.141538106665922,0.31706434815093304,3.561,1.755
-3.1415833399667146,0.661448904766714,2.147,2.78
-3.1415548982770876,-0.3735979435916896,10.071,0.412
-3.1415894342197266,-0.3304509392246361,9.62,0.468
-3.1415578061625458,-0.4359298002233013,10.71,0.338
-3.1415892164585038,-0.4999286928190888,11.346,0.27
-3.1415789845891,-0.3141536865861145,9.449,0.49
-3.1415920672310276,-0.17893306397131828,8.021,0.694
-3.14159200264433,-0.18190311130337633,8.052,0.689
-3.141592313051095,-0.302600034844637,9.327,0.506
-3.1410894683809705,-0.3265964786193146,9.584,0.473
0.9999537566264032,1.717827111593616,1.106,23.386
-3.1415630988279246,0.3842933876372112,3.151,1.936
0.9131710950755508,1.6013512676646633,1.454,22.08
-3.1415829509822717,0.05718762004975678,5.65,1.138
-3.1415893383927527,0.1159430821324513,5.117,1.265
-3.1415926402175707,0.16492122558261743,4.697,1.377
0.9838062276347501,1.8074986557475385,1.058,23.753
-3.1415672897379108,0.512481633273205,2.545,2.308
0.871841869944006,1.6201209899083684,1.546,21.856
-3.1415513570898423,0.3347992156605235,3.447,1.802
-3.1415792524828077,-0.1307346271973145,7.517,0.776
-3.1415869725293395,-0.10481162001689731,7.248,0.821
-3.141560350248302,-0.01874415557849546,6.38,0.983
-3.141587657675567,-0.10823385363958343,7.284,0.815
-3.1415926277629738,-0.0926356831548423,7.123,0.843
-3.1415616898873395,0.4655793981968129,2.739,2.168
-3.141557422112429,-0.58415215094849,12.142,0.193
-3.1415846699312153,-0.6375194774008743,12.615,0.151
-3.141591855125847,-0.432419544189063,10.674,0.342
-3.1415719883964015,-0.545988903895301,11.788,0.226
-3.141591563056178,-0.4653883395000956,11.006,0.306
-3.1415921668693327,-0.6572929543465817,12.784,0.137
-3.1415830762338723,-0.6404673061171737,12.641,0.149
-3.1415884304351858,-0.6545845595905557,12.761,0.139
-3.141591115910486,-0.6804257630224191,12.976,0.122
-3.141389678946781,-0.6499979715133217,12.724,0.142
-3.1414917647978897,-0.7145630060431205,13.251,0.101
-3.140841826142955,0.05847249512468575,5.643,1.14
-3.1415597314325616,-0.0045263807891742225,6.24,1.011
-3.141591563056178,0.01645339179809685,6.036,1.053
-3.1405248111885484,0.49731871656400084,2.607,2.262
0.810614282420129,1.5869066667643796,1.866,21.213
-3.1415639009897567,-0.49526284543254506,11.301,0.275
-3.1415513570898423,-0.19173822635790785,8.156,0.673
-3.14159207398608,-0.45289556872396697,10.881,0.319
-3.1415775468635974,-0.4675628660764185,11.027,0.304
-3.141580730281511,0.18002401364858772,4.572,1.413
-3.1415004641163784,0.16412722046060535,4.704,1.375
-3.141574778256945,0.22373813819821137,4.226,1.518
-3.141589418447887,0.12796220549148196,5.012,1.292
-3.14159183431897,0.4941939340950072,2.616,2.253
-3.1415521275604275,0.3810830770397479,3.169,1.927
0.9037666996575547,1.6117704993718591,1.461,22.061
-3.1414571388359818,-0.162620146309599,7.85,0.721
-3.1415650414791148,-0.05707679949515332,6.762,0.909
-3.1415913936273907,-0.12566326807026112,7.464,0.785
-3.141556880045406,-0.04089411038554708,6.6,0.94
-3.1415165707578607,-0.23492611843062533,8.612,0.605
-3.141440319121878,-0.15059373634171172,7.725,0.741
-3.1415902886819334,-0.18341668045067466,8.068,0.687
-3.1415888695705347,-0.16217375706866136,7.845,0.722
-3.141574879342708,-0.18987972535757514,8.136,0.676
-3.141589837670023,-0.27044950847739574,8.987,0.552
0.9930216877619942,1.6679071491783353,1.165,23.062
0.9745121770910808,1.6813764523814767,1.18,22.987
-3.1415841485772615,0.28218618498187414,3.797,1.664
-3.1415281597378235,-0.5992906099826198,12.279,0.181
-3.141592621416451,-0.6559818724569443,12.773,0.138
-3.1415688911820623,-0.6227285722135438,12.487,0.162
-3.1415632034523244,-0.6269084527009448,12.524,0.159
-3.141589080960417,-0.6350367687921624,12.594,0.153
-3.1415897147794,-0.6994722173055552,13.131,0.11
-3.1415853134281817,-0.5474314388723108,11.801,0.225
-3.141534734830171,-0.6221461516283832,12.482,0.163
-3.141591941577311,-0.6662788689797752,12.859,0.131
-3.141569359305773,-0.6912980239719462,13.065,0.115
-3.1415913003991944,-0.49786775500583164,11.326,0.272
-3.1415888037358886,-0.624775603141136,12.505,0.161
-3.141554037449626,-0.44760522467117236,10.828,0.325
-3.1415414435498303,-0.6099112233383177,12.374,0.172
-3.1415907651840342,0.42007120952491944,2.958,2.037
0.8121768880880743,1.573283331694165,1.9,21.154
0.9224146925940818,1.676161584103258,1.295,22.547
-3.141569197068382,0.06176776170824877,5.608,1.147
-3.1415926281870292,0.09957049520896999,5.263,1.229
-3.1415910459836036,0.14462973174969967,4.868,1.33
0.9684140911697015,1.7185238181122695,1.149,23.139
-3.141560350248302,0.6760571653426941,2.126,2.829
-3.141590113517393,-0.17503791445763361,7.98,0.701
-3.1415709934226625,-0.31144055108959434,9.42,0.494
-3.1415878047833736,-0.22731364152800973,8.531,0.617
-3.1415686900629822,-0.32756305707809247,9.59,0.472
-3.1415670583001165,-0.2914844536182795,9.21,0.522
-3.141592573650326,-0.45753199089907015,10.927,0.314
-3.141576208243782,-0.13627237781225524,7.574,0.766
-3.141574823334796,-0.36014529502421866,9.931,0.429
-3.14158979302546,-0.2623222220553362,8.901,0.564
-3.141581600436391,0.46281215983667967,2.751,2.16
-3.1415656902560136,0.628385289884314,2.206,2.672
-3.1415918926922775,0.20017190078739067,4.41,1.46
-3.1415628652677348,0.16874365997378227,4.665,1.386
-3.1415829881638,0.15479727541240573,4.782,1.354
-3.1415599718325993,0.1790488734992931,4.581,1.41
-3.1415713813733275,0.19785372809189017,4.429,1.455
1.0103501645958308,1.8514868904427066,1.021,24.214
-3.1415908429354897,0.38203765492048,3.163,1.93
0.9555390606986407,1.6114195724793379,1.32,22.466
-3.1415859172067644,-0.10711795449094794,7.272,0.817
-3.141592569758326,-0.17216018597528576,7.949,0.705
-3.1415842308642143,-0.06549129571138157,6.847,0.893
-3.141591868636305,-0.08837501605848999,7.08,0.851
-3.1415917387465924,-0.03665307194097045,6.557,0.948
-3.1415864672629166,0.05958159022340412,5.628,1.143
-3.1415926405894763,-0.04374310347954898,6.628,0.934
-3.1415536721592296,0.0011984564138344117,6.184,1.022
-3.141592519525797,0.6484042227573634,2.168,2.737
0.9802708111094391,1.6754007000969904,1.177,23.0
0.9397151468993039,1.6683896379763579,1.266,22.642
-3.141590098922708,-0.5850805161461292,12.15,0.192
-3.1415707149507655,-0.5630747571137533,11.948,0.211
-3.1415445969173286,-0.6416096787777195,12.651,0.148
-3.1415901259761485,-0.5202693746907007,11.543,0.25
-3.1415725456062678,-0.4338954158648052,10.689,0.341
-3.1414801085118547,-0.5446804509360402,11.777,0.227
-3.1415859187805437,-0.4165512247638004,10.513,0.36
-3.141530017518209,-0.5960748998844055,12.25,0.183
-3.1415914790331008,-0.6815149778662216,12.985,0.121
-3.141571929016856,0.4409780086456683,2.853,2.096
-3.1415852693861788,0.6258605556376985,2.211,2.663
0.9285728046447196,1.665268073920413,1.297,22.537
0.9866958585346197,1.7053772655520063,1.135,23.213
0.9571521129049613,1.591750561212485,1.35,22.376
-3.141354067717989,0.12717288781901748,5.02,1.29
-3.1415586210225626,0.09838884751492191,5.273,1.226
-3.141583261241674,0.18887468117337658,4.501,1.433
0.9988881821831025,1.838200387805707,1.032,24.046
-3.1415923930033522,0.3075871376629495,3.623,1.73
-3.141583737995843,-0.2124603005228468,8.374,0.64
-3.1415620404573863,-0.31234740876842876,9.43,0.493
-3.141590641929514,-0.19781661628656771,8.219,0.664
-3.14152358209605,-0.4220997964384908,10.57,0.354
-3.1415915106172116,-0.12284391767076375,7.435,0.789
-3.141592573650326,-0.21786328992229154,8.431,0.632
-3.1415918338208693,0.23134750483179356,4.167,1.536
-3.141580724328607,0.2380821726039647,4.117,1.553
-3.141513758722075,0.19390419749656224,4.46,1.445
0.8781062946152981,1.6163677729010897,1.533,21.885
0.8848691291781566,1.6308012320423533,1.481,22.013
-3.1415904968365562,-0.019310664139046314,6.385,0.982
-3.141568642263771,0.044832399243310186,5.766,1.112
-3.141591859795622,-0.0074016690100776605,6.268,1.005
-3.1415907180772873,-0.07251279432339494,6.918,0.88
-3.141582085868686,0.08376414682224095,5.405,1.195
-3.1415639009897567,-0.5263901109912514,11.602,0.244
-3.14159205068601,-0.5728583731136991,12.038,0.202
-3.141460921188533,-0.5799506799837367,12.105,0.196
-3.1415844749568174,-0.6360950816810405,12.603,0.152
-3.141560505460214,-0.5812237906246922,12.115,0.195
-3.1415665374564816,-0.7060546923466064,13.183,0.106
-3.141592268251692,-0.5604253134950907,11.923,0.213
-3.14159092581205,-0.4663036679562985,11.015,0.305
0.9730931388813175,1.8209541110634417,1.06,23.743
-3.141589930237928,0.47669243893859387,2.69,2.201
-3.1415915166769186,0.11611932850411666,5.115,1.266
-3.1414542619649746,0.16040858722943985,4.736,1.367
0.8701682549033843,1.595705817950014,1.608,21.716
-3.1415731983475887,-0.21112736780898314,8.36,0.642
-3.141588638873432,-0.2997769212495428,9.297,0.51
-3.1415580827737895,-0.41399074867164437,10.487,0.363
-3.1415866785148863,-0.19118029166190503,8.149,0.674
-3.1415778397365615,-0.07084290520693273,6.901,0.883
-3.141574778256945,-0.27029214922596667,8.986,0.553
-3.141516298148799,-0.3054103565858486,9.357,0.502
-3.141590857973281,-0.2075392353399862,8.322,0.648
-3.141565019351394,-0.3050573146030533,9.353,0.503
-3.1415686931493325,-0.16574835234152427,7.882,0.716
-3.1415335785213214,-0.28833520806051355,9.177,0.526
-3.1415921318745035,0.5059499676280222,2.57,2.288
-3.141538106665922,0.4751301001600283,2.697,2.196
0.8253409705402722,1.6014828577570512,1.764,21.401
0.816848485297899,1.54530845086248,1.965,21.047
0.981127494462723,1.7011730382105659,1.147,23.146
-3.1415924883923427,0.1899969169611136,4.491,1.436
-3.141592575362617,0.26151476563947984,3.944,1.611
-3.141587881632043,0.2574175014073304,3.973,1.601
-3.14158724072635,0.5746333732072877,2.338,2.5
0.8848691291781566,1.6302589900638533,1.482,22.01
0.793260433454947,1.6115447610925864,1.871,21.209
0.8581487939804802,1.576594807648945,1.701,21.524
-3.1415925186797122,0.05240414768291124,5.695,1.128
-3.1415104920327446,-0.011017353381660988,6.304,0.998
-3.1415844175941423,-0.038445247475328626,6.575,0.945
-3.1415903928816538,0.09381307910031525,5.314,1.216
-3.141587720715021,-0.043365403089013,6.624,0.935
-3.141563954563537,0.5314640637689068,2.475,2.365
-3.1415612439317924,0.6533544923041504,2.16,2.754
-3.1415906404394947,0.7344368851343483,2.074,3.028
-3.141592520935077,0.3055385966821865,3.637,1.724
-3.141447718972739,0.3276658063689061,3.493,1.783
-3.141585932619464,-0.24248201972497976,8.692,0.594
-3.1415861308640753,-0.3319986837015453,9.636,0.466
-3.141591130225201,-0.4055209130328512,10.4,0.373
-3.141590861255906,-0.4992265045275176,11.339,0.271
-3.1415788782344505,-0.5636360675326032,11.953,0.21
